matchedPattern,count
c.5266dup,42
c.1445dup,15
c.2330dup,15
c.579dup,10
c.672_701dup,10
c.1893dup,5
c.1378-1405dup,4
c.2373dup,4
c.1638-1660dup,3
c.1934dup,3
c.93_96dup,3
c.35dup,3
c.4957dup,3
c.4994dup,2
c.2979dup,2
c.48_55dup,2
c.641dup,2
c.1064-1068dup,2
c.10272_10273dup,2
c.726_730dup,2
c.2192dup,2
c.7840dup,2
c.8890dup,2
c.1176_1177dup,2
c.106dup,2
c.21-43dup,2
c.1153dup,2
c.353+46dup,2
c.53dup,2
c.769-7_769-6dup,2
c.300dup,1
c.1071_1074dup,1
c.676_701dup,1
c.876dup,1
c.5540_5541dup,1
c.2612dup,1
c.6994_7003dup,1
c.10453dup,1
c.1130dup,1
c.1255dup,1
c.996-33dup,1
c.3889dup,1
c.3909dup,1
c.2373_2374dup,1
c.143dup,1
c.557dup,1
c.3257dup,1
c.1638_1660dup,1
c.505_506dup,1
c.632dup,1
c.404_405dup,1
c.6308dup,1
c.5413dup,1
c.3773dup,1
c.118dup,1
c.63_64dup,1
c.9995_10002dup,1
c.6296dup,1
c.1632-15_1639dup,1
c.531_532dup,1
c.364dup,1
c.402dup,1
c.1110dup,1
c.3765dup,1
c.3264dup,1
c.1185dup,1
c.-63_-49dup,1
c.1066dup,1
c.2175dup,1
c.463_464dup,1
c.782dup,1
c.90_91dup,1
c.787dup,1
c.1039_1043dup,1
c.9816dup,1
c.1021_1022dup,1
c.1947dup,1
c.723_724dup,1
c.2375_2376dup,1
c.2808dup,1
c.84dup,1
c.*471dup,1
c.1950dup,1
c.1180dup,1
c.3095+8_3095+9dup,1
